age,bmi,blood_pressure,cholesterol,glucose,smoking,family_history,physical_activity,alcohol_use,genetic_marker_1,genetic_marker_2,genetic_marker_3,genetic_marker_4,genetic_marker_5,disease_risk
58,32.9,91,298,216,1,1,4,1,1,1,1,0,0,1
71,37.4,153,300,98,1,1,3,0,0,0,1,1,1,1
48,32.2,178,201,187,1,1,6,1,1,0,1,1,0,1
34,33.0,98,211,147,1,1,0,0,1,1,1,1,0,1
62,32.4,172,298,85,1,0,3,0,0,1,0,0,0,0
27,27.0,71,294,76,1,0,4,1,0,0,0,1,0,0
40,25.8,164,123,130,1,1,3,0,1,1,0,0,1,1
58,42.1,106,254,72,1,0,2,0,1,0,0,0,0,0
77,33.6,77,228,128,0,0,1,0,1,0,0,0,0,0
38,23.1,80,282,85,1,1,1,0,1,1,0,0,0,0
42,30.4,72,167,108,0,1,4,0,0,0,0,0,0,0
30,25.6,80,192,66,1,0,6,1,1,0,1,1,1,0
30,43.1,67,191,117,1,1,1,1,0,0,0,0,0,0
43,16.2,105,235,108,1,0,7,0,0,1,0,1,0,0
72,22.5,163,292,162,1,0,1,1,1,1,0,0,1,1
55,26.6,169,200,112,0,1,0,1,0,1,1,0,0,1
59,30.1,66,200,121,0,0,4,1,0,0,0,1,0,0
43,40.7,82,232,76,1,0,6,0,1,0,0,0,0,0
22,18.5,167,215,230,0,0,4,0,0,1,1,0,1,1
41,39.4,155,191,84,1,1,1,0,0,1,0,1,0,0
72,17.6,134,266,190,1,1,1,1,1,1,0,1,1,1
21,40.4,145,182,88,0,1,1,1,1,0,1,0,1,1
43,17.5,81,157,176,0,1,5,0,1,1,0,0,1,0
63,16.5,166,186,219,1,0,2,0,1,0,1,0,1,0
49,36.2,148,306,85,1,1,3,1,1,1,0,1,1,1
57,44.9,81,188,183,0,1,7,1,1,0,0,0,1,0
21,42.0,151,132,203,1,1,2,0,1,0,0,1,1,1
79,32.7,88,294,84,0,1,4,1,0,1,1,1,0,0
40,42.6,72,308,113,1,0,7,1,0,0,1,0,0,0
52,16.2,141,150,215,1,0,0,1,1,1,1,1,1,1
31,44.3,61,233,132,0,0,3,1,0,0,0,0,1,0
77,30.2,88,141,179,0,1,0,1,0,0,0,0,1,0
41,37.0,144,212,115,0,1,6,1,1,1,1,1,1,0
63,39.8,138,290,124,1,0,5,1,0,0,1,1,1,1
44,36.8,111,186,152,1,1,4,0,1,1,0,1,1,1
68,31.5,86,173,145,1,1,5,0,0,1,0,1,0,0
46,29.8,109,257,139,1,0,4,1,1,1,0,1,0,0
78,40.3,154,161,228,0,0,0,1,0,0,0,1,1,1
61,21.9,138,183,167,1,1,0,1,0,0,1,0,1,1
47,44.1,174,245,238,1,1,0,0,0,0,0,0,1,1
79,36.6,82,140,177,1,1,4,0,1,1,0,0,0,1
35,21.8,147,313,216,0,0,1,1,0,1,0,1,1,1
34,37.4,103,288,142,1,0,0,0,0,0,0,1,0,0
66,31.4,136,271,206,1,0,5,1,1,0,0,1,0,1
70,36.5,81,154,228,0,0,6,1,1,1,0,0,0,1
63,38.3,102,303,232,1,1,3,1,0,0,0,0,1,1
74,18.5,96,149,74,1,0,4,1,0,1,1,1,1,0
71,30.7,120,176,190,0,0,7,1,0,0,1,1,0,0
76,43.0,156,166,198,1,1,5,1,0,1,1,1,0,1
22,25.3,115,282,240,1,1,2,1,1,0,0,1,0,1
56,33.2,62,138,233,1,1,6,0,0,0,1,0,0,0
70,26.7,122,233,89,0,0,2,1,0,1,0,0,1,0
26,29.2,177,127,116,1,1,3,0,1,1,0,0,0,0
40,31.9,78,145,205,1,1,1,1,0,1,0,1,1,1
28,31.9,82,232,238,0,0,0,1,0,0,0,0,0,0
58,21.9,88,190,187,0,0,4,0,0,1,1,1,1,0
37,35.9,89,149,107,1,1,5,0,1,1,0,1,0,0
23,18.5,98,254,195,1,0,7,1,1,0,0,1,1,0
44,20.0,167,186,81,1,1,0,0,0,1,1,0,1,1
79,16.1,170,184,65,1,1,5,1,0,1,1,0,1,1
33,19.4,84,155,244,0,0,4,1,1,1,1,1,0,1
69,29.7,160,144,163,1,1,2,0,0,0,0,0,1,1
77,33.6,170,156,95,0,0,0,0,0,0,1,1,0,0
28,39.0,67,120,138,0,0,3,0,1,0,0,1,1,0
45,19.1,165,262,175,1,0,1,0,1,1,0,1,1,1
72,40.7,117,156,116,1,1,3,1,1,0,1,0,0,1
21,37.6,75,260,108,0,0,1,0,0,1,1,0,1,0
39,27.8,131,255,232,0,0,6,0,0,1,1,1,1,1
47,43.1,60,252,141,1,1,5,0,0,1,0,0,0,0
66,44.7,167,307,125,0,1,0,0,0,0,0,0,1,1
79,21.9,64,247,136,1,1,0,0,1,0,0,0,1,0
26,27.0,62,246,104,1,1,6,1,0,1,0,0,1,0
63,42.9,124,120,138,0,0,1,1,0,1,0,1,1,1
27,36.9,63,283,79,0,0,2,0,1,0,0,0,0,0
66,17.4,163,154,182,1,0,4,0,1,0,1,1,1,1
54,38.7,158,313,126,0,1,3,1,0,0,0,1,1,1
33,40.0,155,310,142,1,1,6,0,1,1,1,0,1,1
36,37.8,123,223,62,1,0,7,1,1,0,1,1,1,0
55,39.2,165,142,241,1,1,7,1,0,0,1,1,1,1
69,39.9,157,128,123,0,1,5,0,0,0,1,0,1,0
59,21.4,166,153,99,1,0,6,1,0,1,1,1,1,1
23,22.8,148,293,118,1,0,3,0,0,0,0,1,1,0
21,34.4,69,247,242,1,1,3,0,1,1,0,0,0,1
25,42.3,80,123,121,1,1,5,1,1,1,0,0,0,0
73,25.2,105,277,191,1,1,5,1,0,1,0,0,0,1
61,33.1,162,221,119,1,0,0,0,0,0,1,0,0,0
23,35.8,150,194,175,1,0,3,1,1,0,1,0,1,1
73,29.1,86,218,134,1,0,4,0,0,0,1,1,1,0
48,36.7,125,191,181,1,0,7,1,0,1,0,1,0,0
37,42.1,100,122,166,1,0,4,1,0,0,0,0,0,0
45,34.1,171,261,155,1,1,1,0,0,1,0,0,0,1
63,31.7,72,307,150,0,1,6,0,1,0,0,1,1,1
53,28.7,68,292,217,1,1,5,0,0,0,1,0,1,1
29,32.7,175,153,189,1,0,0,1,1,0,1,0,0,0
55,26.3,95,164,121,1,0,4,0,0,0,0,1,0,0
33,27.4,145,180,108,0,0,2,0,0,1,0,1,0,0
50,31.4,165,202,196,1,1,7,1,1,1,1,1,0,1
67,17.9,149,242,151,0,0,0,1,0,1,1,0,0,0
34,22.6,117,221,218,1,0,0,0,1,1,1,1,1,1
27,31.7,113,135,183,1,1,4,0,0,0,1,0,0,0
33,28.5,71,185,120,0,0,2,0,0,1,0,1,1,0
42,25.7,140,287,107,1,1,1,0,0,1,1,0,0,1
79,37.2,137,264,212,0,0,4,1,0,1,1,0,0,1
76,36.1,73,238,223,0,0,2,1,0,0,1,0,1,0
59,20.8,93,281,195,1,1,0,0,1,1,1,1,0,1
40,41.5,112,243,117,1,1,7,0,1,1,0,1,1,1
35,30.4,79,263,160,1,1,2,0,0,0,0,1,1,1
64,37.5,134,221,171,1,1,0,1,0,0,0,0,0,1
37,32.6,75,307,232,0,1,6,0,1,1,0,1,0,0
66,44.9,174,185,121,0,1,4,0,1,1,0,1,1,1
72,37.8,154,313,98,1,0,5,1,0,0,0,0,1,0
43,36.5,178,132,117,0,0,4,1,0,1,1,0,0,0
45,38.6,129,303,158,0,1,6,0,1,0,1,1,1,1
44,20.2,115,230,103,1,0,3,0,0,1,1,1,0,0
79,21.9,142,278,88,0,1,3,1,1,1,1,1,1,1
79,36.7,160,153,118,0,0,3,0,0,1,0,0,0,0
79,30.3,117,158,130,1,1,4,0,1,1,1,1,1,1
64,37.9,63,314,151,0,0,1,1,1,1,0,0,1,1
60,19.0,170,255,68,1,0,4,1,0,0,1,0,0,0
48,31.6,63,239,186,0,0,7,1,1,0,1,1,1,0
34,27.0,79,245,193,1,0,6,0,0,1,1,1,1,1
64,29.3,69,174,216,0,0,7,1,0,1,0,0,1,0
20,33.5,83,146,245,0,1,6,1,0,1,1,0,1,1
44,30.6,177,237,204,1,1,5,0,0,0,0,1,1,1
26,31.7,158,172,203,1,1,2,0,1,0,0,1,1,1
28,30.1,85,158,190,1,0,4,1,0,0,1,1,1,0
43,27.9,96,184,80,1,1,4,1,0,0,0,0,0,0
20,38.4,161,264,123,0,0,0,0,0,0,0,0,1,0
63,16.4,144,277,149,0,0,6,0,0,0,1,1,1,0
27,33.4,113,300,95,0,0,0,1,1,0,1,0,0,0
43,32.4,163,132,121,1,1,0,1,0,0,1,0,1,1
30,36.8,162,140,229,0,0,4,0,1,1,1,1,1,1
70,33.4,80,266,135,0,1,1,1,1,0,1,0,0,1
36,40.0,133,172,229,1,1,2,0,1,0,1,1,1,1
27,43.8,97,138,248,1,0,2,1,0,0,0,1,1,1
54,25.9,105,176,72,0,0,7,0,0,0,1,0,0,0
54,22.6,63,144,70,1,1,6,0,0,1,1,0,0,0
52,28.3,119,150,113,0,1,5,1,0,0,0,1,1,0
78,24.3,116,200,75,0,1,6,1,1,1,1,0,1,0
24,33.8,104,302,67,1,1,1,0,1,1,0,1,0,0
61,42.4,79,142,163,0,1,1,1,0,1,1,0,1,1
58,20.0,76,151,118,1,1,2,1,0,0,1,0,0,0
77,18.9,178,309,116,1,0,3,1,0,0,0,0,0,1
60,23.4,130,193,99,0,1,0,0,0,0,1,1,0,0
47,37.1,63,129,246,0,1,0,1,0,1,0,0,1,1
26,33.2,152,319,189,0,1,2,1,0,1,1,1,0,1
28,19.0,73,173,153,1,1,6,0,0,1,1,1,0,0
27,42.6,62,171,197,0,0,1,1,1,1,0,1,0,0
31,38.9,147,267,103,1,0,6,1,1,0,1,0,1,1
53,16.7,160,279,198,1,1,5,0,1,0,1,1,1,1
52,34.9,139,233,139,0,1,3,0,1,0,0,1,1,1
67,38.4,117,133,140,1,1,2,1,0,1,1,0,0,1
74,26.9,114,297,61,0,0,0,1,0,1,0,1,1,1
42,18.0,175,275,237,0,0,4,0,0,0,1,1,1,1
43,18.2,63,229,199,0,0,6,0,0,0,0,0,0,0
56,19.0,179,172,174,0,0,1,1,0,1,1,1,0,0
54,40.4,83,271,149,0,0,4,1,1,0,0,0,1,1
63,42.4,93,198,82,0,0,5,1,0,0,0,1,1,0
59,19.6,89,141,205,0,1,2,0,1,1,1,1,0,0
41,22.8,141,149,121,1,0,6,1,0,1,1,0,1,0
46,20.8,78,310,172,0,0,0,0,1,1,0,1,0,0
54,21.4,90,123,187,1,1,6,0,0,0,1,1,0,0
20,40.3,119,178,121,1,0,3,0,1,1,0,1,1,1
54,25.6,119,127,97,1,1,7,1,0,0,1,0,1,0
56,25.0,78,131,225,0,0,4,1,0,0,1,0,1,0
66,22.6,108,238,120,1,1,3,1,0,1,0,0,1,1
33,33.6,122,278,188,1,1,5,0,0,0,0,0,0,0
22,27.0,169,153,232,0,1,0,1,1,1,1,0,1,1
20,37.6,142,201,215,0,1,4,0,0,1,1,1,1,1
24,22.0,81,217,208,1,1,5,0,1,0,1,0,1,1
45,38.8,83,246,181,0,0,3,0,0,0,1,0,0,0
74,33.5,168,194,169,0,0,3,0,1,1,1,0,1,1
33,19.3,135,224,72,0,1,7,0,0,1,0,1,1,0
58,28.0,89,168,214,0,1,4,0,0,1,1,1,0,0
46,41.0,117,198,159,1,1,0,1,1,1,1,0,0,1
28,42.8,161,304,194,0,0,3,0,0,1,0,1,0,0
34,29.5,176,212,81,0,1,2,1,0,1,0,1,0,0
34,29.9,90,273,133,0,1,7,0,1,0,0,1,0,0
45,42.6,159,137,240,1,1,5,1,0,0,1,1,1,1
61,33.0,123,215,191,1,1,4,1,1,0,0,0,0,1
79,17.0,78,157,82,0,0,1,1,0,0,0,0,0,0
32,42.5,107,206,178,0,1,1,1,1,1,0,1,0,1
70,23.2,104,207,129,1,1,0,0,1,0,0,1,0,1
51,32.8,159,169,143,0,0,2,0,1,0,1,1,0,0
58,20.8,153,127,160,0,1,3,0,1,1,1,1,0,0
68,17.0,114,288,143,1,1,1,0,0,0,1,0,0,0
71,25.0,172,253,220,0,0,0,1,0,1,0,1,0,1
51,38.6,114,188,87,0,0,5,1,1,1,0,0,1,0
23,24.1,156,291,195,1,0,7,1,0,1,0,1,1,1
49,22.4,77,240,60,1,1,2,0,0,1,0,0,1,0
56,22.2,122,183,224,0,1,2,1,0,1,0,1,0,1
42,30.9,175,276,122,1,0,6,0,1,0,0,0,0,0
58,44.3,172,275,81,0,0,0,1,0,0,1,0,0,0
64,29.3,151,258,129,0,0,0,1,0,0,1,0,1,0
34,32.2,106,240,184,0,1,6,1,1,1,0,1,0,1
62,41.0,134,184,208,1,1,7,1,0,0,1,0,0,0
48,31.5,116,226,155,1,0,3,1,1,0,0,1,0,0
55,21.3,177,266,222,0,1,0,0,1,0,0,0,1,1
32,24.7,104,256,138,0,0,6,1,1,0,1,0,1,0
51,25.0,92,274,64,1,1,3,0,0,1,0,1,0,0
26,27.5,76,281,119,1,1,7,0,0,0,1,0,1,0
78,28.4,129,291,179,1,1,3,0,1,1,0,1,0,1
70,39.2,63,315,105,0,1,4,0,1,1,0,1,0,1
41,26.1,79,219,237,1,0,2,0,1,0,1,1,1,1
47,29.6,171,201,235,1,1,5,0,1,1,0,1,1,1
21,34.1,106,262,193,0,1,2,0,1,1,0,0,1,1
61,27.0,150,170,115,0,0,2,0,1,1,0,0,1,0
64,40.3,74,260,169,0,1,4,1,0,1,1,1,0,1
76,33.0,129,202,246,1,0,3,1,1,1,0,0,0,1
72,24.5,106,296,216,0,0,3,0,1,1,0,0,1,1
25,36.7,137,317,163,0,1,0,0,1,1,0,1,1,1
47,31.3,134,231,136,0,1,4,0,0,0,1,0,0,0
47,31.5,162,175,205,0,0,0,1,0,0,1,1,0,1
63,30.0,68,298,61,1,0,4,1,0,1,1,0,0,0
63,30.4,149,284,67,0,0,0,0,0,1,1,0,0,0
39,38.2,75,264,134,1,1,1,0,1,0,1,1,1,1
49,19.0,128,305,241,1,0,6,1,0,0,0,0,1,1
30,25.7,175,276,184,1,0,2,1,1,0,1,0,1,1
77,18.2,120,280,97,0,0,2,0,1,0,1,1,0,0
74,37.8,69,179,235,1,1,7,0,1,1,0,0,0,1
47,23.9,109,239,86,0,0,5,0,1,1,1,1,1,0
44,42.0,62,302,79,0,1,6,0,1,0,0,0,1,0
58,31.3,136,257,199,0,1,3,1,1,0,1,1,1,1
52,39.2,166,294,102,1,0,5,1,0,0,0,1,0,0
20,44.4,172,142,248,0,1,1,0,0,0,0,1,1,1
76,40.4,153,268,90,0,0,7,0,0,1,1,1,0,0
46,41.1,177,132,150,0,1,5,0,0,0,1,1,1,0
76,27.8,168,220,120,1,1,7,1,0,0,0,0,1,0
71,32.0,129,280,168,1,0,2,0,1,0,0,0,1,1
32,23.4,140,143,150,1,0,3,0,0,1,0,1,0,0
60,21.7,168,227,222,0,0,1,0,0,1,0,0,0,0
22,30.7,110,130,154,1,1,2,1,0,1,0,1,0,1
58,33.3,176,136,202,0,1,6,0,1,0,0,0,0,1
25,25.8,78,315,203,0,0,0,1,1,0,0,0,0,1
27,32.5,101,294,72,1,0,4,0,1,0,1,1,0,0
46,41.7,94,144,172,0,1,1,0,0,1,0,1,1,1
28,32.1,105,213,94,1,1,3,0,0,1,1,0,0,0
56,36.9,85,140,246,0,1,7,1,0,0,1,0,1,0
52,39.4,174,203,208,1,0,5,0,0,0,0,1,0,0
70,44.7,128,259,241,0,1,6,0,0,1,0,0,1,1
61,33.5,152,156,217,0,0,5,1,1,0,1,0,1,1
63,39.4,123,161,107,0,1,1,1,0,0,0,1,0,0
43,43.9,96,264,94,0,1,6,1,1,0,0,0,1,1
34,43.4,143,220,145,0,0,3,0,0,1,1,1,0,0
78,20.1,108,167,225,1,0,1,1,1,0,1,1,0,1
73,27.8,80,222,218,0,0,3,0,1,0,1,1,0,0
51,25.4,133,147,211,1,1,5,1,1,0,0,0,0,1
51,18.5,123,160,173,1,1,2,1,1,0,0,0,1,1
43,34.4,64,218,236,1,1,6,1,0,1,1,1,0,1
60,37.3,159,166,159,0,0,0,0,0,1,0,1,1,1
71,40.6,129,265,219,0,1,2,0,0,1,1,0,1,1
68,19.6,149,224,242,0,0,0,0,1,0,0,0,1,1
68,41.4,63,243,245,1,0,5,0,0,1,1,0,0,1
77,34.6,162,318,158,0,0,7,0,0,0,0,1,1,0
71,36.4,98,132,62,0,1,6,0,0,1,1,1,0,0
31,42.4,173,260,144,1,1,2,0,0,0,0,0,1,1
58,34.1,94,219,184,1,0,2,0,1,1,0,0,0,1
21,25.7,60,150,197,1,1,1,0,1,1,1,0,0,1
22,39.9,83,249,142,1,0,4,1,0,1,0,1,0,0
68,26.5,116,135,84,1,0,5,1,0,0,0,1,0,0
56,17.0,159,256,127,1,1,3,0,0,0,1,0,1,0
68,40.1,129,192,120,0,0,5,0,1,0,0,0,1,0
75,26.0,100,285,88,1,0,3,0,1,1,0,1,0,0
36,38.4,113,173,186,0,1,6,0,1,0,0,1,1,0
78,26.5,105,303,78,0,0,3,1,0,0,1,0,0,0
68,41.0,119,219,230,0,0,7,1,1,0,1,0,0,1
21,22.4,167,228,133,1,0,0,0,1,0,1,0,1,1
21,44.3,119,206,120,0,0,3,1,1,0,1,1,0,1
47,38.6,116,292,230,1,0,3,1,1,0,1,0,0,1
73,19.3,90,281,212,1,0,1,0,1,1,0,1,0,1
42,32.4,143,256,79,0,0,2,0,0,1,0,1,0,0
56,44.6,83,127,107,1,1,5,0,0,0,1,0,0,0
51,29.7,148,126,146,0,1,5,0,0,1,0,0,1,0
52,21.3,95,155,211,0,0,6,1,0,1,0,1,1,0
20,30.1,144,137,198,1,0,6,0,1,0,0,0,1,0
38,30.9,89,122,169,0,1,7,1,0,0,0,1,0,0
21,37.5,83,147,242,0,1,3,0,0,1,1,0,0,0
72,36.3,167,189,87,0,1,4,1,0,0,1,0,0,0
63,27.7,165,291,118,1,1,5,0,1,1,0,0,0,1
45,22.3,89,268,192,0,1,6,0,0,1,0,0,0,0
51,34.7,145,147,110,1,0,3,1,1,1,1,1,0,0
25,28.2,151,173,208,1,1,6,1,1,0,0,1,1,1
51,19.8,66,301,71,0,1,7,1,1,1,0,1,0,0
74,42.1,94,184,109,0,1,0,0,0,0,0,0,1,0
23,36.0,114,219,191,1,0,0,1,1,0,1,1,0,1
74,35.8,151,140,172,1,0,6,1,0,0,1,1,1,0
30,39.9,73,132,229,0,0,0,1,0,0,0,1,0,0
75,31.4,179,176,225,0,0,6,1,0,0,0,0,1,1
78,39.6,69,168,212,1,0,3,1,1,1,0,1,1,1
36,30.4,139,237,73,1,0,1,1,1,0,0,0,0,0
57,17.9,75,173,91,1,1,4,1,0,0,0,0,0,0
43,27.8,113,257,198,1,0,3,1,1,0,0,1,1,1
24,30.4,154,172,248,1,0,1,1,1,0,1,0,0,1
71,36.9,165,163,205,0,1,1,0,1,0,1,1,0,1
53,19.1,148,166,214,1,0,5,0,0,1,0,1,0,1
25,20.1,136,172,114,1,1,3,1,1,0,1,1,1,0
41,23.6,129,193,241,0,1,3,0,1,0,0,1,0,1
30,23.7,103,165,179,0,0,6,0,0,1,0,1,1,0
67,37.2,132,132,134,1,1,1,1,1,0,1,0,1,1
35,23.3,104,284,80,1,1,1,1,0,1,1,1,0,1
52,34.4,159,221,231,0,1,1,1,1,1,0,0,1,1
28,30.3,115,143,192,1,1,6,1,1,1,0,1,0,1
79,32.6,166,121,146,1,0,5,1,1,1,1,1,0,1
78,40.3,143,200,228,0,1,3,1,1,0,1,1,1,1
25,27.7,141,219,118,1,0,1,0,1,0,0,0,1,0
35,38.4,166,261,148,0,1,0,1,1,1,0,0,1,1
48,28.2,116,257,241,0,1,3,0,0,1,0,0,1,1
22,26.3,80,282,209,0,1,6,1,1,0,1,0,1,1
39,43.8,127,272,142,0,0,5,1,1,1,0,1,0,0
79,21.3,109,250,124,1,0,0,0,1,1,1,1,1,1
78,18.6,92,230,123,0,0,6,1,0,1,0,0,0,0
55,38.4,150,221,130,1,1,2,1,0,0,1,0,0,1
38,18.0,66,136,63,1,1,3,0,0,1,1,0,1,0
45,40.3,129,131,202,1,1,2,1,1,0,1,1,1,1
22,28.7,74,301,163,1,1,6,0,1,0,1,0,1,0
38,42.5,141,235,209,1,0,6,1,0,0,0,0,1,0
39,36.9,91,143,234,0,1,6,1,0,1,1,1,1,1
51,33.7,179,148,152,0,0,1,0,0,1,1,0,0,0
26,43.5,134,290,233,0,1,5,1,1,0,1,1,0,1
71,27.5,79,272,201,0,0,1,0,0,0,0,1,0,0
60,43.7,147,241,237,1,0,5,0,1,0,0,1,1,1
52,19.9,74,307,207,0,1,4,0,1,1,0,1,1,1
59,30.0,107,209,237,1,1,1,1,1,1,0,1,0,1
58,23.8,130,184,171,1,0,2,1,0,0,0,0,1,0
37,31.7,80,203,220,0,1,5,0,1,0,0,0,1,1
59,20.7,101,238,178,0,1,1,1,0,1,1,1,1,1
20,40.4,85,275,118,0,0,3,1,0,0,1,1,0,0
30,40.5,167,135,102,0,0,6,1,0,1,1,0,1,0
47,43.7,179,294,71,1,0,5,0,0,1,0,0,0,0
76,20.5,73,223,99,1,0,5,1,1,0,1,1,1,0
44,34.1,116,211,177,0,1,1,0,1,0,1,0,1,1
69,29.8,96,305,79,1,0,4,1,1,1,0,0,0,0
42,26.0,117,146,225,1,0,1,1,1,1,1,1,1,1
50,26.2,80,300,190,1,0,7,0,0,1,0,0,1,0
49,28.0,141,289,215,0,1,2,1,0,1,1,0,1,1
61,36.4,128,306,243,1,0,2,0,0,1,0,0,0,1
54,33.4,62,294,149,0,1,5,1,0,0,0,0,1,0
26,29.3,146,281,153,0,0,5,0,1,1,0,1,1,0
79,18.2,149,284,72,1,0,1,1,0,1,1,0,1,1
35,18.3,96,253,125,1,1,2,1,1,1,1,1,1,1
45,16.1,147,254,96,0,0,2,1,0,0,0,0,1,0
67,44.1,108,272,236,1,0,4,0,0,0,0,1,0,1
76,16.2,78,152,125,1,1,3,0,0,1,1,1,0,1
71,19.0,174,174,95,0,0,4,0,0,1,1,0,1,0
79,25.1,148,305,241,0,0,7,1,1,0,0,1,1,1
68,39.4,144,126,85,0,0,0,0,1,0,1,1,0,0
21,43.9,71,176,134,0,0,6,0,1,0,1,1,1,0
20,38.9,120,245,167,1,1,4,0,1,0,1,1,1,1
67,36.0,100,131,227,1,0,7,0,0,1,0,1,1,0
31,31.1,92,135,102,0,1,1,0,0,0,0,0,1,0
24,18.5,109,162,209,0,0,3,0,1,1,1,1,1,1
56,43.8,176,236,207,0,1,1,0,1,1,0,1,1,1
51,38.0,127,254,67,1,0,6,0,0,0,1,0,1,0
78,34.5,165,230,88,0,1,7,0,0,0,1,0,1,0
74,38.0,130,170,99,1,0,0,0,1,0,0,1,0,0
28,37.0,145,279,217,0,1,3,1,1,0,0,0,0,1
60,34.5,178,194,187,0,1,5,1,1,1,0,0,1,1
54,44.4,92,127,143,0,0,2,0,0,1,1,0,1,0
38,42.2,140,319,175,1,1,4,1,1,1,1,0,1,1
67,34.8,83,164,242,1,0,7,1,1,0,0,0,1,1
35,36.1,120,178,203,1,0,1,0,1,1,0,0,0,1
22,17.5,120,251,233,0,0,0,0,1,0,0,1,0,0
39,35.4,157,223,121,1,0,2,0,1,1,1,1,0,1
43,17.3,87,314,66,1,0,4,1,0,0,1,0,0,0
73,33.1,117,276,104,0,1,2,0,1,1,1,0,1,1
75,45.0,102,276,246,0,0,4,1,0,1,0,1,1,1
52,32.1,100,217,243,1,0,7,0,1,0,0,0,1,0
43,29.7,98,275,235,1,0,5,1,1,1,1,1,0,1
71,25.1,145,198,214,1,0,3,1,1,1,0,0,1,1
30,19.5,108,243,240,1,0,7,0,0,0,0,1,1,0
68,37.2,76,291,147,0,0,2,0,0,0,0,1,0,0
27,21.6,157,123,132,0,1,2,1,0,0,0,0,0,0
55,19.3,129,209,222,0,1,2,1,1,0,1,0,0,1
57,28.2,169,223,238,1,0,3,0,1,0,0,0,0,1
59,39.1,129,256,96,1,1,0,0,0,1,1,0,0,0
39,37.6,157,238,178,0,0,4,1,0,0,1,1,1,0
54,17.6,124,252,116,0,0,7,0,1,1,0,0,1,0
67,29.2,133,175,67,1,0,7,1,0,1,1,1,0,0
44,31.2,144,215,154,1,0,5,0,1,0,1,0,1,1
54,34.7,64,297,176,0,0,2,0,0,1,0,1,1,0
44,34.9,61,194,169,0,1,6,0,0,1,1,0,1,0
48,26.6,81,262,79,0,1,7,1,0,0,1,0,1,0
37,32.3,171,151,183,1,1,3,0,1,1,1,1,0,1
65,30.0,116,147,112,1,1,0,1,1,0,1,0,1,1
37,41.7,125,141,178,1,0,7,0,0,0,1,0,1,0
21,31.4,133,136,71,1,1,4,1,1,0,1,0,1,1
73,28.8,157,178,236,1,0,3,1,1,1,1,0,0,1
54,27.7,75,209,76,1,1,5,0,1,1,1,0,1,0
35,32.6,171,318,123,0,1,5,1,1,1,0,1,0,1
60,39.3,110,225,101,0,1,4,1,0,1,0,0,0,1
55,31.6,98,304,153,1,1,2,1,1,0,0,1,0,1
52,35.2,145,145,216,0,0,5,1,1,1,1,0,0,0
23,37.4,135,144,206,1,1,0,0,0,0,1,0,1,1
52,31.1,147,257,70,0,1,3,0,1,1,1,1,0,0
33,28.4,170,164,157,1,0,7,0,1,1,0,1,0,0
40,41.4,99,202,237,0,0,0,1,1,1,0,1,0,1
67,28.1,97,130,130,0,1,2,1,0,1,0,1,0,0
39,29.4,119,300,167,1,0,0,0,0,1,1,1,0,1
75,44.7,118,319,117,1,0,0,0,1,0,0,0,1,0
27,16.0,69,223,93,0,0,1,1,1,1,0,1,0,0
26,21.4,158,187,79,0,1,0,0,0,1,1,1,1,1
22,27.1,123,214,109,1,0,4,0,0,1,0,0,1,0
36,43.0,174,275,161,0,1,3,1,0,1,1,0,0,1
52,18.0,122,184,197,1,1,1,0,1,0,0,1,1,1
67,16.3,108,168,219,1,1,3,1,1,1,1,1,1,1
31,17.5,123,294,111,0,1,3,0,0,0,1,1,1,0
78,18.6,91,171,74,1,0,2,1,1,1,1,0,0,0
70,17.1,66,221,143,0,1,2,1,1,0,1,1,0,0
41,29.9,80,301,190,0,0,1,1,1,0,1,0,0,1
74,32.8,79,307,96,1,1,5,1,1,0,0,0,0,1
41,23.9,85,176,185,0,0,6,1,1,0,1,0,0,0
65,27.6,127,166,99,1,1,2,0,1,0,1,0,0,0
49,18.7,169,278,131,1,0,6,0,1,1,1,1,0,0
57,25.8,175,293,99,1,1,2,0,0,0,1,0,1,1
57,31.2,145,145,115,0,1,2,1,0,1,0,0,1,1
64,37.2,74,233,210,1,0,3,0,0,0,1,1,0,1
70,16.1,179,124,163,0,1,1,1,0,0,0,0,1,0
73,29.6,163,203,198,1,1,3,1,0,1,1,1,0,1
27,24.6,144,171,169,1,1,7,0,0,0,1,0,0,0
46,40.7,138,224,195,1,0,4,1,0,0,0,1,0,0
46,36.8,145,173,152,0,1,3,0,0,0,0,0,1,0
53,33.1,175,280,153,0,1,6,1,0,0,0,0,0,0
40,24.0,151,297,115,1,0,6,1,1,1,1,1,0,1
49,42.4,73,285,119,1,0,4,0,1,0,0,0,0,0
52,17.3,86,274,197,0,0,0,1,0,0,1,0,0,0
47,19.2,164,134,98,0,0,0,0,1,1,0,1,1,0
66,27.4,99,180,87,0,0,4,1,1,1,0,0,0,0
52,19.6,117,241,108,1,1,4,0,0,0,1,0,1,1
24,43.7,87,140,223,0,1,3,1,0,0,0,1,1,1
79,39.1,85,165,184,1,1,4,0,0,1,0,1,0,1
67,23.5,172,316,72,0,0,7,0,1,0,1,1,0,0
38,33.1,122,253,95,1,1,1,1,1,1,1,1,1,1
23,44.5,125,157,160,1,0,0,0,0,0,1,1,1,0
54,41.6,84,181,85,1,0,0,1,1,1,0,0,1,0
68,33.4,179,205,145,0,1,7,1,1,1,0,1,1,1
36,42.2,62,309,63,0,0,5,0,1,1,0,0,0,0
63,44.7,131,197,141,0,0,7,0,0,0,0,1,1,0
47,37.6,103,165,225,1,1,7,0,1,0,0,0,1,1
49,17.9,156,260,186,1,0,4,0,1,0,1,0,1,1
48,27.6,101,122,147,0,0,2,0,1,0,0,1,1,0
65,40.3,175,125,186,1,1,2,1,1,1,1,0,0,1
72,22.7,158,212,179,1,0,7,0,1,1,0,0,0,1
25,40.1,65,127,81,1,0,4,1,1,1,1,1,0,0
54,19.5,98,291,189,0,1,1,0,1,0,0,1,1,1
79,17.4,111,227,90,1,1,2,0,0,0,0,1,1,0
60,27.1,82,280,178,0,1,5,0,0,0,1,1,0,0
56,17.1,148,194,70,0,1,6,1,1,1,0,0,0,0
43,43.8,109,196,105,0,0,4,0,0,0,1,0,1,0
48,40.0,102,169,155,0,0,7,1,1,0,0,0,0,0
68,39.2,78,130,249,0,1,1,1,1,1,0,0,1,1
65,34.3,128,214,69,1,0,1,1,1,1,1,0,1,1
72,22.3,110,275,227,0,0,3,0,0,0,0,0,1,1
50,31.0,70,189,187,0,1,1,1,1,1,1,1,1,1
54,33.3,179,288,211,0,1,2,0,1,0,0,0,1,1
79,31.2,71,135,158,1,0,7,1,0,1,0,0,1,0
52,23.5,133,187,231,1,1,6,0,0,1,0,0,0,1
71,30.9,67,218,171,1,1,2,1,1,1,0,1,0,1
40,30.2,83,167,119,1,1,4,0,0,0,0,1,0,0
51,44.9,151,303,249,0,0,6,0,0,0,0,1,1,0
42,42.0,100,183,146,0,1,4,0,1,0,0,1,0,0
52,29.4,95,306,204,1,0,1,1,1,1,1,0,1,1
22,34.1,160,209,124,1,0,5,1,1,1,0,0,1,1
37,37.7,144,309,116,1,0,0,0,0,1,0,0,1,1
44,17.0,131,195,242,1,1,6,1,0,1,0,1,1,1
61,42.0,114,258,165,0,1,7,1,0,0,1,0,0,1
50,40.9,68,220,240,1,1,3,1,1,0,1,0,0,1
73,29.3,106,208,243,1,1,0,1,0,0,0,0,0,1
77,27.3,74,137,68,1,1,1,1,0,1,0,1,1,0
22,23.9,107,138,81,1,0,1,1,1,1,0,1,0,0
59,29.8,169,174,200,1,0,7,1,1,0,1,1,0,1
65,17.3,163,221,148,1,0,0,0,1,1,0,0,0,0
43,40.7,141,237,235,1,1,3,0,0,0,1,0,1,1
69,17.0,101,273,77,0,0,6,1,1,1,0,0,0,0
51,25.5,119,253,174,0,0,6,0,0,1,1,0,1,1
66,43.0,143,123,227,0,1,0,0,0,0,1,1,0,1
41,37.3,129,227,204,0,1,4,0,1,0,0,0,1,1
42,24.2,71,234,202,0,0,2,1,1,1,0,1,0,0
21,23.3,61,148,165,0,0,5,1,1,0,0,0,0,0
46,16.1,66,178,74,1,1,4,1,1,0,0,1,0,0
61,36.2,139,244,122,1,1,6,1,1,1,0,0,1,1
21,17.4,62,217,226,0,1,2,1,0,1,0,0,0,0
45,31.4,168,136,72,1,1,5,0,0,1,0,1,0,0
36,43.9,62,226,140,0,0,5,1,0,0,1,1,1,0
59,19.2,86,162,91,1,0,5,0,1,1,0,0,1,0
52,41.9,173,199,196,1,1,1,1,0,1,0,0,1,1
28,44.8,166,313,99,1,0,7,0,1,1,1,0,1,0
62,17.8,99,281,207,1,0,5,1,1,1,0,1,0,1
73,41.6,161,127,141,1,1,3,1,0,1,0,0,0,1
67,31.0,92,260,136,1,0,0,1,0,0,0,1,1,1
58,42.3,151,225,135,0,0,6,1,1,1,0,0,0,0
48,32.6,60,127,231,0,0,3,1,0,1,1,0,1,0
61,35.2,178,215,97,1,1,0,1,1,0,1,0,0,1
74,31.8,67,213,247,0,1,4,0,0,1,0,0,1,1
45,41.1,160,184,130,1,0,7,1,0,1,0,1,0,0
54,37.3,91,290,107,0,1,4,0,0,0,1,1,1,0
69,31.1,107,158,77,1,1,0,1,0,1,0,0,1,1
44,41.2,166,200,203,0,1,3,0,0,0,1,0,0,1
43,23.1,160,306,242,1,0,0,0,1,1,1,0,0,1
32,20.6,63,203,98,0,0,5,0,0,0,1,1,0,0
79,20.7,153,207,246,1,1,1,0,0,0,0,0,1,1
77,25.7,129,205,148,0,0,6,0,0,1,0,1,0,0
26,22.9,169,212,121,1,0,4,0,1,0,0,1,1,1
76,43.0,177,205,200,1,0,6,1,1,0,1,1,0,1
55,19.1,78,163,168,1,0,1,0,1,1,0,1,0,0
64,36.3,91,256,140,0,0,5,1,1,1,0,0,1,0
39,21.5,68,284,193,0,1,5,1,1,0,1,0,1,1
20,41.6,71,193,136,0,0,4,0,0,1,0,1,0,0
27,43.9,70,155,247,1,0,4,0,0,0,0,0,1,0
65,29.5,105,220,149,0,0,5,1,0,0,0,0,1,0
35,41.5,178,275,73,1,1,2,0,1,1,1,0,0,1
33,16.1,75,289,154,0,1,6,0,1,1,0,1,1,1
31,39.8,60,290,113,0,1,7,0,0,0,1,0,0,0
70,22.6,122,289,191,0,0,1,0,1,1,1,0,0,1
42,42.4,168,223,98,0,1,6,0,1,1,1,0,1,1
34,16.0,178,185,131,1,1,1,0,1,0,0,0,0,1
47,32.1,176,174,84,0,1,2,0,0,0,0,0,1,0
53,37.9,80,319,136,0,1,7,1,0,0,0,0,0,0
21,23.5,89,295,219,1,0,3,0,1,0,1,0,1,1
51,21.6,72,210,246,1,1,1,1,1,0,1,0,1,1
42,18.4,93,141,225,0,1,6,1,1,0,0,0,1,0
41,25.5,63,220,179,0,0,0,1,1,1,1,0,1,1
70,32.2,87,274,112,1,0,7,1,0,0,0,1,1,0
44,19.4,161,240,215,1,1,5,0,1,1,0,0,0,1
77,26.9,154,212,190,1,0,5,1,0,1,0,1,0,1
41,16.3,118,314,209,0,1,2,1,0,0,0,0,1,1
77,39.7,178,227,155,0,0,1,1,0,1,0,1,0,1
77,19.7,86,260,225,0,0,3,1,1,0,0,1,1,1
41,24.2,128,292,131,1,1,1,1,0,1,0,0,1,1
68,16.5,84,129,121,1,0,5,0,0,0,1,1,0,0
71,28.5,62,128,244,1,1,4,0,1,0,0,1,0,1
61,40.4,156,301,65,0,0,0,1,1,0,1,1,1,1
25,27.4,127,274,91,1,1,7,0,1,0,1,0,1,0
34,21.2,84,153,158,0,0,2,0,0,1,0,1,1,0
73,37.9,79,248,197,1,0,4,1,1,1,1,1,1,1
62,38.9,93,279,190,0,0,6,1,0,1,1,0,1,0
79,21.0,85,208,246,0,0,3,1,0,1,1,1,1,1
56,38.4,64,212,135,1,0,4,0,1,1,0,1,0,1
52,43.5,158,190,236,0,1,6,1,0,0,0,1,1,1
27,20.8,120,186,118,1,0,4,0,0,0,0,0,1,0
72,38.4,151,267,90,0,1,3,0,0,0,0,1,0,0
79,36.5,152,236,152,1,1,7,0,0,0,0,0,1,0
63,29.7,68,213,128,1,1,4,1,1,0,1,1,1,1
63,17.7,175,282,249,0,0,2,0,0,1,1,1,0,0
24,18.2,161,218,111,1,1,5,1,1,0,0,1,1,0
58,40.7,109,232,148,0,0,1,1,0,0,1,1,0,0
23,44.7,65,222,186,1,1,4,1,0,1,1,0,1,1
25,35.6,142,210,228,1,1,2,1,1,1,1,1,0,1
64,28.9,119,209,90,1,1,1,1,0,0,1,0,0,0
51,34.8,103,136,143,1,1,7,0,0,0,0,1,0,0
71,33.2,70,137,186,0,1,6,0,0,1,0,0,1,1
49,27.1,125,292,209,1,0,1,0,0,0,0,1,1,1
66,17.9,106,235,191,1,1,6,0,0,0,1,1,0,1
54,39.8,167,212,72,0,1,4,0,0,0,1,0,0,0
74,26.8,167,300,104,0,0,2,1,1,1,0,0,1,1
59,39.7,132,210,186,0,0,5,1,1,0,0,0,1,0
71,23.3,144,201,229,0,0,4,0,1,0,1,0,1,0
35,16.0,147,187,173,0,1,6,0,0,1,0,1,1,0
32,20.6,157,312,236,0,1,3,0,0,1,0,0,1,1
69,29.6,145,233,79,1,1,1,1,0,1,1,0,0,1
79,43.4,62,120,140,0,1,4,1,1,0,1,0,1,0
61,19.0,135,177,241,1,1,6,1,0,1,0,1,0,1
49,40.8,151,273,223,0,1,7,0,1,0,1,1,1,1
38,31.3,89,228,188,1,0,1,0,0,1,0,1,0,1
36,40.0,149,267,202,1,0,7,0,0,0,1,1,0,1
75,24.7,171,235,76,1,1,6,0,0,1,1,0,1,0
38,40.4,80,206,211,0,1,2,1,1,0,0,1,0,1
47,38.4,87,129,117,0,1,0,0,0,0,1,0,0,0
77,22.7,179,178,131,0,1,7,0,1,1,0,1,0,0
74,19.8,149,160,168,0,1,4,0,0,1,1,0,0,0
45,41.2,121,224,82,1,0,5,1,0,0,0,0,1,0
56,43.9,92,252,233,0,0,4,1,1,1,1,0,0,1
45,16.9,144,241,131,1,1,1,0,0,0,1,0,1,0
72,37.2,94,312,67,1,0,2,1,0,1,0,0,0,0
42,42.4,111,264,118,0,1,6,1,0,1,1,1,1,1
28,40.9,93,141,170,0,1,3,1,0,0,0,0,1,0
31,44.0,100,217,246,0,1,5,1,1,1,1,0,1,1
72,38.0,110,288,72,1,0,2,1,1,1,1,0,0,1
20,28.8,106,187,226,0,0,7,0,0,0,0,0,1,0
77,25.0,141,316,215,1,1,7,0,0,0,1,1,1,1
77,25.3,117,258,248,0,0,4,0,1,1,1,1,0,1
20,37.0,134,175,75,1,0,3,1,0,0,0,0,1,0
66,37.6,116,298,178,0,1,2,1,1,1,1,0,0,1
53,21.8,82,268,61,0,0,0,1,0,1,0,0,0,0
51,41.2,107,218,204,1,0,5,1,1,0,0,0,1,1
73,36.7,81,195,89,0,1,1,0,1,0,0,1,0,0
67,32.3,76,145,162,0,1,2,0,1,0,1,1,0,1
44,29.7,128,234,72,0,0,2,0,1,0,1,0,0,0
59,31.8,167,266,155,0,1,0,0,0,0,0,0,1,1
64,20.6,70,228,153,0,0,4,0,0,0,1,0,0,0
72,21.9,153,307,141,0,1,6,0,1,1,0,0,0,1
20,18.6,74,318,72,0,1,6,1,1,1,1,0,0,0
35,20.5,150,166,230,1,1,5,1,1,0,0,1,1,1
58,29.2,94,190,153,1,1,5,0,1,1,0,1,0,0
24,31.4,92,273,208,0,0,1,1,0,1,1,0,1,1
41,16.5,143,159,171,0,1,2,0,1,1,0,1,0,0
48,39.1,75,252,114,0,1,3,0,1,1,0,1,1,1
74,24.5,93,268,140,1,1,2,1,1,0,1,1,1,1
22,42.4,125,251,227,1,0,6,0,1,1,0,0,1,1
31,44.1,158,142,175,0,0,1,0,1,1,0,1,0,0
45,21.4,99,225,202,1,1,2,0,1,0,1,1,0,1
35,29.4,179,203,239,0,1,0,1,1,0,0,0,0,1
70,16.0,87,262,167,0,1,6,1,0,0,0,1,1,1
56,33.4,106,235,112,0,1,2,1,1,0,0,0,0,0
41,33.6,98,228,187,0,1,2,1,1,1,0,1,0,1
76,23.2,129,255,239,1,1,6,0,1,0,0,0,1,1
48,32.2,132,160,217,1,0,3,1,0,1,0,0,0,0
33,22.5,79,231,220,0,1,6,1,0,1,0,1,0,0
47,20.7,60,266,116,1,1,0,1,0,0,0,1,1,0
24,34.9,131,231,111,1,1,0,0,1,0,1,0,1,0
66,25.5,178,222,196,0,1,2,1,1,0,0,0,0,1
68,33.1,146,165,241,1,1,5,1,1,0,0,1,1,1
49,28.6,122,275,170,0,1,3,0,0,0,1,1,0,0
65,44.5,126,187,60,0,0,2,0,1,0,0,1,0,0
71,20.3,63,241,103,0,0,6,0,0,1,0,1,0,0
24,29.5,117,134,134,0,0,2,0,0,1,0,0,0,0
31,35.7,84,284,157,1,0,1,1,0,1,0,0,0,1
35,27.5,106,248,68,0,0,1,0,0,1,0,0,1,0
45,44.3,97,314,91,1,0,5,1,0,0,0,1,1,0
45,36.9,74,230,74,0,1,3,1,1,0,1,1,0,0
67,35.1,122,143,199,0,1,4,1,1,1,1,0,1,1
40,38.0,80,146,244,1,1,7,1,0,1,1,0,1,1
58,43.6,158,159,195,0,1,1,1,1,1,1,0,0,1
55,42.3,116,310,131,1,1,4,0,1,0,1,0,1,1
52,37.0,176,308,214,1,1,0,1,0,0,0,0,1,1
49,37.7,112,283,249,0,0,1,1,0,0,0,0,0,1
56,20.2,105,143,71,0,1,1,1,1,1,0,1,0,0
42,19.0,175,143,124,0,0,3,0,1,1,0,0,0,0
77,32.6,73,123,166,0,0,5,1,1,0,0,0,0,0
29,16.5,159,186,101,0,1,4,1,1,0,1,0,0,0
73,30.0,135,153,249,0,1,6,0,0,1,1,0,0,0
24,22.1,76,304,174,1,1,1,1,1,1,0,0,0,0
55,26.0,98,296,198,1,1,1,1,0,0,0,0,1,1
53,38.5,68,300,162,0,1,3,0,0,1,0,0,0,0
71,43.3,158,235,230,1,1,3,1,1,0,1,1,1,1
50,18.1,136,142,154,1,1,5,1,1,0,1,0,1,0
29,31.5,138,228,76,0,0,4,1,1,1,0,1,0,0
77,41.6,141,188,219,0,1,0,1,0,1,1,1,1,1
38,18.4,174,214,144,1,1,6,1,0,1,0,1,1,1
77,39.9,156,300,227,0,0,5,0,0,0,1,0,1,1
51,26.4,65,181,210,1,1,7,0,0,1,1,0,0,0
20,25.3,150,288,115,0,1,0,0,1,1,0,0,1,1
75,44.3,82,176,193,1,0,2,1,0,0,1,0,1,1
24,21.8,118,307,145,1,1,1,1,0,0,1,0,0,1
64,36.1,150,173,237,1,1,4,1,1,1,0,0,1,1
23,39.8,157,189,161,1,1,5,0,0,0,1,0,1,1
35,17.2,179,220,224,0,1,1,1,0,0,0,0,1,1
43,35.4,105,176,113,0,1,4,1,1,0,1,0,1,0
35,43.6,97,257,236,1,1,4,1,0,1,0,0,1,1
74,19.6,73,287,174,1,0,4,0,0,1,0,1,0,0
21,42.0,159,254,198,0,1,1,0,0,0,1,0,1,1
68,33.2,176,222,147,0,1,5,1,0,0,1,0,0,1
47,33.9,131,285,108,1,0,6,1,1,0,0,0,1,1
51,33.8,121,204,208,1,0,3,1,0,1,1,1,0,0
46,24.7,94,180,174,1,1,1,0,1,0,1,0,0,1
39,43.1,78,122,122,1,0,7,0,0,0,1,0,0,0
43,43.5,89,247,163,1,1,4,0,1,1,0,1,1,1
31,34.1,137,298,142,0,1,5,1,1,0,0,0,1,0
69,38.7,143,205,162,1,0,6,0,1,1,0,1,1,1
54,33.8,172,166,215,0,1,2,1,0,1,1,1,1,1
79,30.0,84,315,76,0,1,7,1,0,1,1,1,1,0
52,35.2,99,195,65,0,0,0,0,0,0,0,1,0,0
52,32.0,147,157,206,1,0,7,1,1,0,0,0,0,0
70,33.3,73,283,243,0,0,4,0,0,1,1,1,0,1
62,38.7,85,288,87,0,0,2,1,0,0,1,1,1,0
56,29.9,161,316,97,0,1,3,1,0,1,1,0,1,1
31,17.2,146,260,178,0,0,6,0,0,0,1,0,0,0
22,20.8,81,206,96,1,0,6,1,1,1,0,0,1,0
20,28.7,107,177,174,1,0,4,1,1,1,1,1,1,1
52,37.0,142,169,127,0,0,7,1,0,0,1,0,0,0
59,33.2,169,149,236,0,0,7,1,0,0,0,1,0,0
29,34.9,110,309,102,1,1,6,1,0,0,0,1,1,0
62,29.9,62,220,223,1,0,2,1,1,0,1,0,1,1
63,33.9,101,144,117,1,1,4,1,0,1,0,0,0,1
48,25.5,78,231,72,0,0,1,1,1,1,1,0,1,0
32,29.6,132,274,111,1,0,5,0,1,0,1,0,0,0
31,37.6,87,298,117,0,0,2,0,0,0,0,0,0,0
50,41.3,143,304,91,0,0,5,1,0,1,0,0,0,0
65,28.6,104,245,164,1,0,1,1,0,0,1,1,1,1
21,17.3,130,242,247,0,0,1,0,1,0,0,1,0,0
70,20.7,137,166,142,1,0,5,1,1,0,1,0,0,1
69,16.6,122,237,245,0,0,2,0,0,0,1,1,1,1
54,34.9,132,158,158,1,1,5,0,1,1,1,1,0,1
42,25.6,178,135,163,0,0,5,0,0,1,0,1,1,0
36,31.7,78,141,243,0,1,0,1,0,0,1,1,1,1
45,30.3,106,173,87,1,0,2,1,1,1,1,1,1,1
27,18.4,175,268,188,1,1,7,1,1,0,1,1,0,1
48,27.7,73,319,229,1,0,7,0,1,0,0,0,0,0
45,22.4,179,135,107,1,0,0,0,1,0,1,0,1,0
29,28.1,97,178,99,0,0,4,0,0,1,1,0,1,0
45,21.9,112,150,156,1,1,6,1,0,1,1,1,1,1
53,40.4,120,289,173,1,1,7,0,0,1,0,0,0,1
70,21.1,95,151,191,0,1,5,0,1,1,1,0,1,0
60,43.9,99,306,225,1,1,4,1,0,1,1,0,1,1
26,28.1,140,281,214,1,0,7,0,1,0,0,1,1,1
23,40.5,89,128,196,0,0,2,0,1,0,0,0,0,0
77,34.2,68,258,170,1,0,5,1,1,1,1,1,1,1
72,37.3,123,129,203,1,1,6,1,0,1,1,0,0,1
69,38.3,92,136,243,1,0,4,0,1,1,1,0,0,1
64,30.6,179,187,135,1,1,7,1,1,0,0,0,1,0
30,31.8,111,167,90,1,1,7,0,1,1,0,1,1,0
48,30.9,148,299,178,1,1,3,1,1,0,1,1,1,1
75,33.1,73,230,201,0,1,7,0,1,0,0,1,0,0
55,16.9,134,272,84,1,1,1,1,1,1,1,1,0,1
44,27.5,112,242,93,0,0,5,0,1,0,1,1,0,0
40,33.6,158,268,126,0,1,6,1,1,0,0,0,1,1
76,33.3,164,220,211,0,1,1,1,1,1,1,0,0,1
55,39.0,118,221,177,0,0,0,1,1,0,0,1,1,1
29,35.0,137,184,132,1,1,4,1,1,1,0,1,1,1
56,44.8,153,310,85,1,1,7,1,1,0,1,0,1,1
28,24.2,100,170,207,1,0,0,1,0,1,0,1,0,0
43,26.4,127,155,163,0,0,6,1,0,1,1,0,0,0
54,27.1,127,200,69,1,0,5,0,1,0,0,1,0,0
68,29.5,151,246,126,1,1,1,0,1,1,1,0,1,1
54,40.2,67,207,211,1,0,1,1,1,0,1,1,0,1
67,22.8,61,313,64,0,0,4,1,0,0,1,1,0,0
55,38.5,164,223,245,0,0,5,0,0,1,0,0,1,1
37,27.8,169,134,86,1,1,7,0,0,0,1,0,1,1
68,33.5,145,215,172,0,0,3,1,1,1,0,1,0,1
58,34.3,100,286,74,0,1,3,0,1,0,0,1,1,0
51,26.8,179,242,222,1,1,4,0,1,0,0,0,0,1
43,30.9,114,317,164,0,0,5,1,1,1,0,1,1,0
42,28.0,75,120,240,0,1,4,1,0,0,0,0,1,0
51,18.0,152,270,103,1,1,5,1,1,0,1,0,0,0
56,28.7,121,241,85,0,0,6,0,0,0,0,1,1,0
31,18.8,172,286,234,0,1,6,1,0,0,1,0,1,1
68,27.7,107,245,221,0,0,0,1,1,0,1,0,1,1
74,33.2,89,176,154,0,1,7,0,0,0,0,1,0,0
32,32.8,71,200,237,0,1,4,1,0,0,1,0,1,1
42,35.2,94,281,143,0,0,7,0,0,0,1,0,1,0
44,18.8,70,288,199,0,0,5,0,0,1,0,0,0,0
54,34.9,123,192,191,0,1,3,0,1,0,1,0,0,0
60,25.1,169,260,146,1,1,7,0,1,0,0,1,1,1
49,27.6,109,189,235,1,0,5,0,0,1,0,0,1,0
36,40.9,144,125,242,1,1,6,0,1,1,0,1,1,1
68,16.3,80,203,171,1,1,5,1,0,1,1,0,0,1
39,33.1,128,171,188,0,1,4,1,1,0,1,1,1,0
67,33.4,107,122,148,1,1,0,1,1,1,1,0,0,1
44,27.5,79,200,125,1,0,0,0,1,1,1,1,0,0
41,22.9,160,182,217,0,0,0,1,1,0,0,0,1,0
32,22.8,126,168,190,0,0,0,0,1,0,0,0,1,0
78,41.6,103,195,181,0,0,6,1,0,1,1,0,0,0
38,28.8,92,231,208,0,0,2,0,1,1,0,0,1,1
68,25.6,176,294,143,0,0,7,1,0,0,1,1,1,1
55,29.0,132,228,236,1,1,4,0,0,0,0,1,0,1
31,35.4,120,302,175,0,0,1,1,1,0,0,0,1,0
60,20.2,68,311,249,1,1,4,0,0,0,0,1,0,1
38,29.0,127,184,175,1,1,2,1,1,0,0,0,1,1
31,33.0,94,200,97,0,1,0,0,0,1,0,0,0,0
28,43.5,140,314,202,1,0,2,1,0,0,1,1,0,1
26,23.3,157,134,169,1,1,3,1,1,0,1,1,1,1
47,26.4,147,219,239,0,0,3,1,1,0,0,1,0,0
33,27.0,155,151,105,1,1,7,0,1,0,1,0,0,0
50,33.6,124,215,84,1,1,6,0,1,0,0,0,1,0
71,26.3,67,247,80,1,0,4,0,0,1,0,1,1,0
38,31.5,104,315,180,0,1,4,0,1,0,0,0,1,1
77,38.7,146,265,181,0,1,1,0,0,1,0,1,0,1
66,36.5,106,232,192,0,1,6,1,0,0,1,1,0,1
35,28.9,99,202,129,1,1,1,0,0,1,0,1,0,0
72,41.1,135,162,172,0,0,3,1,0,1,1,1,1,1
24,32.2,113,235,166,1,1,0,1,0,0,0,1,0,1
54,31.7,135,282,171,0,1,2,0,0,0,0,1,0,0
31,17.0,105,197,167,1,0,1,1,1,0,1,0,1,1
44,44.6,106,177,106,0,1,5,0,0,0,0,0,0,0
71,19.6,74,152,150,0,1,1,0,0,0,0,1,1,0
78,22.7,164,133,77,1,1,0,0,0,1,1,1,1,1
40,17.5,78,281,208,0,1,0,1,1,0,1,1,1,1
55,34.6,85,308,163,1,0,4,0,1,0,1,0,0,1
72,22.5,111,251,210,0,1,2,0,0,1,0,1,0,1
42,21.2,152,178,99,0,0,0,0,1,0,0,1,0,0
35,18.6,81,276,197,1,1,6,1,0,1,1,1,1,1
76,19.0,163,202,148,1,1,1,0,1,0,1,0,1,1
58,33.0,80,253,239,1,1,1,1,0,1,0,1,1,1
64,36.0,110,240,120,0,0,3,1,1,0,0,0,0,0
72,27.5,97,296,64,1,1,0,0,1,1,1,0,0,1
61,29.9,79,287,181,0,1,5,1,1,1,1,1,0,1
77,35.9,88,202,240,1,0,4,1,0,0,1,0,0,1
58,16.5,110,312,114,1,0,2,0,0,0,1,0,0,0
33,25.4,63,316,96,1,0,5,0,0,0,0,0,1,0
50,44.2,114,146,115,1,0,4,0,1,1,0,1,0,0
77,32.8,130,199,246,1,1,1,1,1,1,0,0,1,1
24,23.4,151,253,161,1,1,5,0,0,1,0,1,1,1
54,31.1,87,132,152,0,1,4,1,1,0,1,1,0,0
42,25.9,63,183,132,1,1,1,1,0,0,0,1,1,0
48,31.4,81,309,118,0,0,1,1,0,1,1,0,0,0
62,19.6,135,266,61,1,1,1,1,0,0,0,1,0,1
30,19.8,104,199,163,1,1,1,1,0,1,0,0,1,0
37,20.2,126,242,247,1,1,6,0,1,0,0,0,0,1
66,43.3,145,162,110,0,1,1,0,1,0,1,0,0,1
31,37.3,167,208,89,0,0,3,1,1,1,0,0,1,0
28,20.7,125,267,70,1,1,5,1,0,0,1,1,1,1
29,21.5,147,214,167,0,1,4,0,1,0,1,1,1,0
77,37.2,93,315,135,1,1,3,0,0,0,0,0,1,1
63,20.5,150,291,226,1,0,6,1,0,0,1,1,1,1
36,22.8,114,270,149,0,0,7,1,0,0,0,1,1,0
57,43.9,164,121,182,0,1,7,0,0,1,1,1,0,1
26,23.4,60,239,248,0,1,3,0,0,0,0,0,0,0
65,35.2,131,141,184,0,1,0,1,0,1,1,1,0,1
32,44.4,146,234,241,1,0,0,0,1,0,1,0,1,1
59,26.9,97,176,181,0,1,0,0,1,0,0,1,0,0
61,16.5,65,191,153,0,1,2,1,1,1,0,0,1,1
28,23.1,145,126,162,1,1,0,1,1,1,0,0,0,1
69,40.1,84,303,245,0,0,4,1,0,0,0,0,1,0
46,41.1,141,238,243,0,1,3,0,0,0,1,1,0,1
77,38.3,76,314,221,0,1,4,1,1,1,1,0,1,1
21,19.3,120,233,90,0,0,5,0,1,1,1,1,1,0
24,39.1,71,135,111,1,0,0,1,1,1,1,0,1,0
48,42.6,65,202,148,1,1,6,1,1,1,0,1,1,1
56,33.4,149,298,135,0,0,2,0,1,0,1,0,0,0
57,43.3,86,191,188,0,1,5,0,1,0,0,1,0,0
38,40.0,67,243,242,1,0,6,1,1,0,1,0,1,1
27,35.3,142,232,81,0,0,2,1,1,0,0,0,1,0
67,32.7,165,131,99,0,1,7,0,0,0,0,0,1,0
64,26.1,124,245,160,0,1,5,1,0,1,0,1,0,1
20,20.6,116,172,170,0,1,7,0,0,1,0,0,1,0
41,33.5,152,194,188,0,0,3,0,0,1,0,0,1,1
71,25.2,168,252,124,0,1,4,1,1,0,1,0,0,1
36,41.1,172,146,241,0,1,1,0,0,1,0,0,1,1
26,44.8,158,259,229,0,1,4,0,1,0,1,1,1,1
44,37.8,99,264,208,0,1,0,0,0,0,1,0,0,1
64,18.6,73,253,138,1,1,7,1,1,0,0,0,1,0
23,24.4,94,216,81,1,0,6,0,1,1,1,1,1,0
55,19.2,107,124,225,1,1,1,1,0,0,1,1,0,1
25,34.9,168,176,158,0,1,2,1,0,0,1,1,1,1
79,38.2,143,275,67,0,0,7,1,1,1,0,0,0,0
50,42.8,115,197,249,1,1,3,0,1,0,0,1,1,1
38,28.7,108,188,234,0,1,3,0,1,1,0,1,1,1
63,42.1,72,237,76,1,1,7,1,0,0,0,1,1,0
73,41.5,120,239,76,0,1,7,1,0,1,1,0,1,0
58,25.2,161,178,149,1,1,7,0,1,0,1,0,1,0
46,41.2,108,152,200,1,0,2,1,0,0,1,0,0,1
29,26.9,105,181,204,1,0,0,1,1,1,1,1,1,1
45,24.6,172,169,225,0,0,2,0,0,0,1,0,1,0
38,34.8,121,231,140,1,1,5,1,0,1,1,1,0,1
58,25.5,67,138,137,0,0,6,0,0,0,0,1,0,0
22,34.3,102,316,232,0,1,7,0,0,1,1,1,1,1
64,33.7,79,242,65,0,1,6,1,0,0,1,0,0,0
32,32.3,156,313,222,0,1,0,0,1,0,1,1,1,1
69,27.0,149,166,169,0,0,1,0,1,0,0,1,0,0
47,31.9,98,286,73,0,0,2,0,0,1,1,0,0,0
77,33.3,144,315,131,0,0,0,1,1,1,1,1,1,1
39,31.8,176,152,248,1,1,6,1,1,1,0,1,0,1
47,28.9,108,260,202,1,0,1,1,0,1,1,1,1,1
27,16.4,123,203,113,1,1,2,0,1,1,0,0,0,0
60,33.0,121,301,86,0,0,3,0,0,0,0,1,0,0
58,20.9,165,254,72,0,0,2,1,1,0,1,0,0,0
20,34.6,166,198,218,0,1,4,1,1,0,1,0,1,1
22,38.0,113,133,222,0,1,2,0,1,0,0,1,1,1
32,30.5,164,266,119,1,0,4,1,1,0,1,1,0,1
47,31.7,68,247,65,0,0,1,1,1,1,1,1,1,0
76,43.6,147,173,117,1,0,2,1,1,0,0,1,1,1
79,40.6,96,267,108,0,1,1,1,1,1,0,0,1,1
68,42.5,108,148,210,1,1,1,1,0,0,1,0,0,1
44,39.6,100,143,221,0,0,6,0,0,1,0,1,1,0
75,19.2,76,201,85,1,0,0,1,0,1,1,0,0,0
52,20.3,147,182,106,0,1,1,1,0,1,1,1,0,0
57,31.3,80,224,64,1,0,1,0,1,0,1,1,0,0
72,23.1,110,176,79,0,1,6,0,1,0,1,1,0,0
25,29.8,118,255,193,1,1,6,0,1,0,0,1,0,1
77,27.4,98,181,118,1,1,2,0,0,0,1,0,1,1
63,31.9,114,276,205,0,1,6,1,0,1,0,0,1,1
64,37.7,100,136,191,1,1,2,1,0,1,1,1,0,1
51,36.7,98,185,76,0,1,3,1,1,1,1,1,1,0
64,31.1,72,125,73,0,0,6,1,0,1,0,0,1,0
66,39.8,123,177,72,0,1,0,0,1,0,1,0,1,1
40,28.5,70,188,194,1,1,1,0,0,1,0,0,1,1
35,42.0,169,275,187,1,0,0,1,1,0,0,1,1,1
73,18.1,78,181,103,0,1,4,1,0,1,1,0,1,0
40,43.7,70,288,178,0,0,7,1,1,1,1,1,1,1
30,35.0,136,316,202,1,1,6,1,0,1,1,1,0,1
79,27.0,105,201,78,1,0,1,0,0,0,1,0,0,0
56,21.7,104,288,122,1,0,0,1,1,0,0,1,0,1
55,29.9,60,296,222,0,1,6,0,1,1,1,0,1,1
54,21.6,99,296,140,0,1,6,0,0,1,1,1,1,1
38,20.8,167,190,222,0,1,7,0,1,1,1,1,0,1
39,33.9,78,250,206,0,1,3,0,0,0,1,1,1,1
76,31.2,135,129,207,0,0,3,1,1,0,1,1,1,1
37,35.4,131,217,159,1,0,1,1,0,0,0,1,0,0
66,43.0,131,208,222,0,0,4,1,1,1,1,1,0,1
60,31.4,120,154,219,1,1,3,1,0,0,0,0,0,1
68,32.8,176,121,181,1,0,7,0,0,1,1,0,1,1
33,18.6,168,243,235,0,1,3,0,0,0,1,1,1,1
34,36.8,71,143,103,1,1,4,0,1,1,1,0,1,0
50,27.6,120,193,163,0,0,0,1,0,1,0,1,0,0
20,44.3,171,285,211,1,1,3,0,1,0,1,0,0,1
72,39.9,92,141,120,0,0,7,0,1,1,0,0,1,0
73,31.2,104,273,184,0,1,2,0,1,1,0,1,0,1
73,19.6,149,290,204,1,0,7,0,0,1,1,0,0,1
22,40.9,162,302,130,0,1,5,1,1,0,0,1,1,1
35,39.2,151,158,166,1,0,5,0,1,1,1,0,0,0
42,21.4,128,276,109,0,0,3,0,1,0,1,1,0,0
76,24.6,67,139,124,0,1,0,1,0,0,0,0,0,0
30,39.0,84,160,158,0,1,6,1,1,1,1,1,1,0
31,21.4,150,301,91,1,0,0,1,1,0,1,0,1,1
29,42.6,105,267,223,1,1,7,0,1,1,0,1,0,1
51,28.3,146,227,200,0,1,1,0,1,0,0,0,1,1
35,18.5,89,266,117,1,1,2,0,0,1,0,1,1,0
27,39.7,168,203,187,0,0,0,0,0,0,0,0,1,1
57,26.8,106,230,201,1,0,4,1,1,1,0,1,0,1
31,31.3,146,185,224,1,1,7,0,1,1,0,0,1,1
43,19.3,108,277,171,0,1,2,0,1,1,1,1,0,1
47,16.1,106,172,127,0,0,5,1,1,1,0,1,0,0
72,34.5,143,153,99,0,1,7,1,0,0,0,1,1,0
27,30.9,141,269,246,0,0,2,1,0,0,1,1,0,1
77,33.2,77,186,203,0,1,4,0,0,1,1,0,1,0
47,39.0,125,253,249,1,1,3,0,0,0,0,0,1,1
55,34.8,127,146,191,1,1,4,0,1,1,0,0,0,1
45,21.1,153,129,232,0,0,4,0,1,1,1,1,0,0
27,26.5,92,192,149,0,0,3,0,0,0,0,1,1,0
77,42.3,95,215,87,0,0,3,1,0,0,0,1,1,0
79,38.3,141,167,155,1,0,3,1,1,1,1,1,1,1
69,32.1,160,189,90,0,1,3,0,1,0,0,1,1,1
47,23.4,78,306,62,0,1,3,0,1,1,1,0,0,0
47,24.8,170,219,195,1,0,4,0,1,0,0,0,0,0
56,37.2,87,178,83,1,1,1,0,1,0,1,0,0,1
60,40.7,99,121,74,1,1,1,0,0,0,1,1,1,1
55,35.5,143,276,230,1,0,7,1,0,0,1,1,0,1
46,39.5,172,315,218,0,1,0,1,1,0,0,1,0,1
73,38.2,156,184,104,1,1,1,1,1,1,1,1,0,1
36,20.3,135,202,67,1,0,5,0,0,0,0,1,0,0
28,28.3,174,273,130,0,1,1,0,1,0,1,1,1,1
52,20.4,74,129,167,0,1,4,1,0,1,1,1,0,0
72,22.8,100,172,174,0,1,3,1,0,1,1,0,0,1
39,41.2,98,198,162,1,0,7,0,0,1,0,0,0,0
32,29.7,61,178,184,0,0,3,1,0,0,0,1,0,0
47,31.5,122,269,116,1,1,6,1,1,0,1,1,1,1
67,21.2,88,298,89,1,1,6,0,1,1,0,1,1,0
48,25.1,164,167,205,1,1,6,1,0,1,0,0,0,1
32,22.7,133,268,173,0,0,4,1,1,1,0,0,1,0
65,22.0,125,242,176,1,0,5,1,1,1,1,1,1,1
54,34.5,110,141,226,0,0,1,0,1,0,0,0,1,1
25,23.4,134,219,119,0,1,4,1,1,0,1,0,1,0
37,34.3,136,217,157,0,1,0,1,0,0,1,0,0,1
70,17.7,69,277,230,1,1,7,1,1,0,1,1,1,1
24,20.1,73,144,185,1,1,3,0,0,0,0,0,1,0
66,24.0,141,147,232,1,1,6,0,0,1,1,0,0,1
44,33.3,110,312,210,0,0,2,1,1,0,0,1,0,1
21,35.6,177,232,153,1,1,0,0,0,1,0,1,0,1
29,28.8,132,164,193,1,1,6,1,1,1,1,0,0,1
75,28.9,98,187,243,1,1,5,0,1,1,1,1,1,1
49,37.0,87,126,181,1,0,0,0,0,0,1,0,0,0
69,16.5,62,168,167,1,1,4,1,1,1,0,0,1,1
78,25.9,143,256,63,0,0,1,1,0,0,0,1,1,0
64,39.7,129,283,152,0,0,3,1,0,1,1,1,0,1
24,33.5,86,202,210,0,0,7,0,1,0,1,0,0,0
74,25.8,176,248,65,0,0,5,1,1,1,0,1,1,0
75,42.3,61,257,91,1,0,5,0,1,0,0,1,1,0
52,38.4,152,283,165,0,1,2,0,0,1,1,0,0,0
73,23.7,97,192,205,1,1,0,1,1,1,0,0,0,1
20,34.7,62,165,74,0,0,2,0,0,1,0,0,0,0
37,33.3,75,225,227,0,0,1,1,0,1,0,0,1,0
51,27.6,153,279,181,0,0,6,0,1,0,0,0,1,0
66,26.6,99,151,155,1,1,1,1,1,0,0,0,0,1
68,26.0,61,125,65,1,1,6,0,1,0,0,1,1,0
30,33.9,140,295,171,0,0,2,0,0,1,1,1,0,0
40,28.8,100,285,179,1,1,3,1,1,1,0,0,1,1
45,40.1,71,264,182,0,1,1,0,0,1,1,1,1,1
44,35.4,94,193,126,0,0,2,1,1,1,1,1,0,0
41,18.0,166,233,165,0,0,0,0,1,1,0,0,0,0
78,34.6,124,146,198,1,1,2,0,0,1,1,1,0,1
46,23.9,114,173,102,0,1,2,0,0,0,1,1,1,0
68,33.2,104,297,204,0,1,4,1,1,0,1,0,1,1
32,35.7,138,282,155,0,0,1,1,1,0,0,1,0,0
52,22.7,149,204,191,1,0,7,1,1,0,1,1,1,1
53,29.2,160,246,140,0,0,3,1,1,0,0,0,0,0
60,21.5,144,272,100,1,1,3,1,1,0,1,1,1,1
54,17.5,121,275,192,0,1,4,0,0,0,1,1,0,1
20,27.0,108,230,219,1,0,6,0,0,0,1,1,1,0
40,26.5,154,134,94,0,1,5,1,0,1,1,0,1,0
67,44.9,84,251,81,0,0,6,0,0,1,0,0,1,0
74,28.9,82,212,209,1,1,3,0,1,1,1,1,1,1
25,25.7,83,242,171,1,0,2,0,0,1,1,1,0,0
47,32.8,97,192,70,0,1,4,0,0,1,0,0,1,0
36,18.6,87,274,62,1,1,0,1,0,1,0,0,0,0
24,43.9,80,273,196,0,0,1,0,1,1,0,1,0,1
50,34.4,113,266,119,0,0,1,1,0,0,1,0,0,0
24,37.9,166,211,135,0,0,7,1,1,0,0,1,0,0
57,20.9,77,136,146,1,0,1,0,0,1,0,1,1,0
22,27.9,95,162,73,0,0,2,1,1,0,0,0,0,0
72,28.3,158,240,77,1,1,0,0,0,0,0,0,1,0
42,39.8,104,160,172,0,0,4,0,1,0,0,1,1,0
56,16.0,178,289,132,1,0,4,0,0,0,0,1,1,0
72,24.7,132,297,82,1,0,1,1,1,0,1,0,1,0
56,44.5,112,287,142,0,0,0,1,1,1,0,1,0,1
29,29.8,161,158,184,1,0,0,1,0,0,1,0,1,1
29,27.1,89,232,234,0,1,0,0,1,1,0,0,0,1
38,19.5,119,270,128,0,0,3,0,1,1,0,0,1,0
36,44.3,167,230,106,0,0,3,0,0,1,0,0,1,0
40,16.6,157,299,175,0,0,1,1,0,0,1,0,0,0
33,37.4,91,166,89,0,1,0,0,1,1,0,1,1,0
28,38.3,126,182,84,1,1,5,0,0,1,0,0,1,0
65,23.1,126,229,215,0,0,0,1,0,1,0,0,1,1
20,35.5,87,188,171,1,0,4,1,0,1,0,0,1,0
70,18.7,103,162,84,1,1,4,1,1,0,1,0,1,1
64,23.5,138,295,133,0,1,1,0,1,1,1,0,0,1
32,38.8,100,153,117,1,1,5,0,1,1,1,0,1,1
23,41.1,122,159,153,0,0,0,0,1,1,1,0,1,0
20,33.6,82,180,178,1,0,6,1,1,1,1,1,0,1
68,30.7,163,297,186,1,1,5,1,1,0,0,1,1,1
59,20.6,134,314,228,1,0,7,1,1,1,0,1,0,1
51,17.8,107,181,84,0,1,1,1,0,1,0,1,1,0
53,19.4,91,177,137,1,1,4,0,1,1,1,0,1,1
47,22.6,116,280,158,0,1,6,0,1,1,0,1,0,0
50,25.9,177,194,175,1,0,4,0,0,1,1,0,1,1
27,27.0,159,135,107,1,1,3,0,0,1,0,1,1,1
58,26.0,92,201,69,1,1,1,0,0,0,1,1,0,0
45,22.9,83,213,158,1,0,1,0,1,1,0,0,0,0
77,30.8,98,167,70,0,1,0,0,0,0,0,0,1,0
53,39.9,93,257,144,0,0,0,0,1,0,0,1,0,0
73,24.1,115,201,208,1,1,3,1,1,1,0,1,1,1
73,43.3,87,157,232,1,0,6,1,1,0,1,1,0,1
22,41.3,96,246,194,0,1,7,0,0,1,0,1,1,0
78,20.7,66,138,185,0,1,2,1,0,0,0,0,0,0
69,38.8,127,283,123,0,1,5,0,1,1,0,1,0,0
31,32.7,96,306,61,0,1,2,0,1,0,1,1,0,0
20,32.4,115,182,135,1,1,2,1,1,0,0,1,0,1
73,27.3,124,196,180,1,0,1,0,0,1,0,1,0,1
63,30.5,124,293,101,0,0,5,0,1,0,0,1,0,0
24,27.5,106,250,113,0,1,1,0,0,0,0,0,0,0
49,31.7,79,221,134,0,1,7,0,1,0,0,0,0,0
49,34.2,78,184,75,0,1,5,0,0,0,1,0,0,0
78,35.6,88,239,77,0,0,4,0,1,0,1,0,1,0
76,31.4,133,210,246,0,0,1,0,0,1,1,0,0,1
36,36.9,119,127,149,1,1,1,1,0,0,0,1,1,0
67,20.1,77,298,203,1,0,1,1,0,0,1,0,0,1
66,22.1,151,192,65,1,1,6,0,0,1,0,0,1,0
42,39.7,94,253,244,0,1,3,1,0,1,0,1,1,1
34,25.4,102,226,167,0,1,1,0,0,1,0,0,0,0
56,16.7,170,208,234,0,0,7,0,1,0,0,0,0,0
40,20.5,154,158,107,1,1,0,0,1,0,1,0,1,1
33,22.5,150,232,101,0,1,0,0,1,0,1,0,1,1
21,43.8,70,307,135,0,1,5,1,1,0,1,1,0,1
30,32.6,108,147,247,1,0,4,1,0,1,0,1,0,1
70,43.0,172,216,136,0,0,3,1,1,1,1,0,0,1
58,32.7,97,301,191,1,0,6,1,0,0,1,1,1,1
57,29.9,123,156,189,1,1,5,0,0,0,0,0,0,0
79,25.1,128,256,118,0,0,0,1,0,0,1,1,0,1
53,33.6,67,201,214,1,1,3,0,1,0,0,1,0,1
57,20.0,93,175,86,0,0,3,0,0,1,1,1,0,0
69,42.0,107,306,138,1,1,4,1,1,1,1,1,0,1
53,40.1,175,204,131,0,0,7,0,1,0,1,1,1,0
37,25.2,115,121,66,1,1,3,1,1,1,0,1,1,0
49,43.6,135,308,170,0,0,1,1,1,0,1,1,0,1
34,39.9,161,177,178,1,0,3,1,1,0,1,1,0,0
46,35.3,124,226,233,1,0,4,1,0,1,1,1,1,1
70,19.5,90,242,122,1,1,5,1,0,0,1,1,0,0
53,29.9,63,307,183,0,0,4,0,1,1,0,1,1,0
71,30.7,172,287,71,0,0,6,1,0,0,0,0,0,0
76,22.7,168,283,200,1,0,4,1,1,1,1,1,1,1
57,18.3,109,233,102,0,0,0,0,0,0,1,0,1,0
52,38.5,128,226,76,1,1,1,1,0,1,1,1,0,0
43,19.5,89,156,122,0,0,7,1,0,0,0,0,1,0
34,33.2,179,198,179,1,1,0,0,0,0,1,0,0,1
79,43.2,147,211,95,0,1,5,0,0,1,1,0,1,1
49,41.4,118,137,67,1,1,2,1,0,0,0,1,0,0
74,24.1,126,217,128,1,1,5,0,0,1,0,1,0,1
61,40.7,134,182,149,1,0,1,1,0,1,0,1,0,1
70,16.0,104,269,95,1,1,3,0,0,0,1,1,1,1
36,16.5,63,258,87,0,1,4,1,0,0,0,0,0,0
24,33.5,85,305,177,1,1,2,1,0,0,0,1,0,1
48,26.6,86,304,152,0,1,1,1,0,0,1,1,0,0
23,27.2,105,123,234,0,0,0,0,0,1,0,1,1,0
29,32.4,177,254,135,1,0,4,1,1,0,1,1,0,1
75,21.6,166,180,160,0,1,5,0,0,0,1,1,1,1
36,22.1,123,226,217,0,1,0,1,0,0,0,1,1,1
29,30.1,150,173,210,0,1,1,1,0,1,1,1,1,1
36,37.9,165,207,203,1,0,1,1,0,0,0,1,0,1
79,34.0,110,187,73,0,0,5,1,0,1,0,0,0,0
39,24.6,109,248,130,0,0,2,1,0,0,0,0,1,0
43,28.5,65,174,239,1,0,5,0,1,1,1,1,0,0
24,20.9,118,122,183,1,0,3,0,1,0,0,1,0,0
53,18.2,74,285,184,0,1,0,0,1,0,1,1,1,1
25,38.7,176,240,96,1,0,2,1,0,1,1,1,1,1
72,23.7,89,248,88,0,0,4,1,0,0,1,0,0,0
21,21.2,101,221,202,0,1,6,0,0,0,0,0,1,0
32,36.1,160,157,234,0,0,3,1,1,0,1,1,0,1
62,33.9,96,204,233,1,0,2,1,0,1,1,0,1,1
62,34.4,101,276,239,0,0,6,1,0,0,0,0,0,0
67,22.6,160,252,78,1,1,6,0,1,1,0,1,0,1
30,22.7,94,211,165,1,0,0,0,1,1,1,1,1,1
70,22.4,146,140,80,0,1,1,0,0,1,1,1,0,0
66,21.0,65,318,123,1,1,4,0,0,0,0,0,0,0
76,35.0,127,314,224,1,0,5,0,0,1,1,0,1,1
42,40.6,77,228,86,1,0,0,1,0,1,1,1,0,0
74,37.0,132,166,114,1,0,3,1,1,0,1,1,0,1
35,39.0,172,203,88,1,0,7,1,0,1,1,0,0,0
50,27.7,88,202,207,0,1,6,1,0,1,0,0,1,1
30,35.0,136,154,84,1,0,3,0,1,0,1,1,1,0
73,26.3,118,315,129,0,1,6,0,0,0,0,0,1,0
35,31.2,106,188,122,0,1,1,1,0,1,1,1,1,0
27,30.0,175,248,223,0,1,7,0,1,0,0,1,1,1
23,21.1,76,315,189,0,1,1,1,1,0,1,0,0,1
59,27.2,168,259,209,0,1,4,1,0,0,0,0,0,1
23,44.0,155,307,75,0,0,5,1,1,1,1,0,0,0
75,23.2,171,146,205,1,1,4,1,1,1,0,1,1,1
44,19.9,81,175,241,1,1,1,0,0,0,1,1,0,1
22,28.1,127,142,159,1,0,1,1,1,1,1,1,1,1
51,38.9,128,272,89,0,0,3,0,0,0,0,1,0,0
22,32.9,96,140,104,1,1,1,1,0,0,0,1,1,0
46,35.7,164,180,78,1,1,7,1,0,0,0,1,0,0
48,21.5,108,182,93,1,0,7,1,0,0,0,0,0,0
51,33.9,72,241,200,0,1,2,1,1,0,0,1,1,0
69,25.4,93,171,230,1,0,6,0,0,1,1,1,0,1
77,40.2,168,207,121,0,0,0,1,0,1,0,1,0,0
70,34.2,145,272,177,1,1,1,0,0,1,0,1,1,1
38,21.8,112,174,159,0,0,4,1,0,1,1,0,0,0
40,17.9,146,165,81,0,1,5,1,1,0,0,1,0,0
24,17.2,110,151,239,0,1,6,1,1,0,0,0,1,0
37,26.8,62,174,239,1,1,6,0,1,1,0,0,1,1
47,23.7,101,215,170,1,0,5,1,0,1,1,1,1,1
61,34.7,157,252,223,0,1,5,1,1,0,0,1,1,1
41,30.5,91,155,132,1,0,6,1,1,0,1,0,1,1
40,23.7,168,229,206,0,1,2,1,0,0,1,0,0,1
25,20.3,110,296,97,0,1,4,1,1,1,0,1,1,0
20,19.7,172,225,129,1,0,2,0,0,0,1,0,1,0
24,41.1,144,177,175,1,1,1,0,1,0,0,1,0,1
60,23.1,105,158,138,1,1,0,1,1,1,0,1,0,1
31,34.9,167,199,244,0,0,5,1,1,1,0,0,0,0
45,39.5,80,216,207,0,0,7,0,1,1,0,1,0,0
65,33.8,103,232,68,1,0,4,1,0,0,0,1,0,0
53,40.9,70,180,91,0,1,5,0,0,0,1,1,1,0
68,27.4,162,256,191,1,0,2,1,1,1,1,0,0,1
33,43.7,127,125,109,0,0,3,1,0,0,1,0,1,0
45,19.9,174,228,141,1,1,1,0,1,0,1,0,0,1
64,19.0,60,154,64,1,0,0,1,1,0,0,1,1,0
46,35.1,151,158,207,0,1,1,0,1,1,0,0,0,0
28,43.3,122,269,146,1,1,3,0,1,1,1,0,1,1
45,39.5,83,288,185,1,0,0,0,1,0,0,0,1,0
76,18.2,158,237,134,0,1,3,1,1,0,1,1,1,1
66,24.1,72,124,224,1,0,1,0,0,0,1,1,1,0
76,43.0,170,289,81,0,0,2,0,0,0,1,0,1,0
41,23.3,157,206,245,1,0,6,1,1,1,1,0,1,1
66,38.7,70,195,127,0,0,1,1,0,1,0,0,1,0
75,39.9,159,314,103,1,1,1,1,1,0,0,1,1,1
49,30.4,110,277,93,1,1,1,1,0,0,1,0,1,0
62,27.2,76,176,136,1,0,4,1,0,1,1,1,1,0
67,29.1,158,246,101,1,0,3,1,0,0,1,1,0,1
36,22.6,141,148,196,0,1,7,0,1,1,1,1,1,1
45,41.8,163,284,165,0,0,3,1,0,0,1,0,1,1
55,29.1,145,206,154,0,1,5,0,1,1,0,0,0,0
20,41.6,83,260,194,0,0,3,1,1,0,1,1,1,1
27,19.1,78,279,127,0,1,5,0,1,0,1,1,1,0
68,44.7,96,165,206,0,1,4,0,0,1,0,1,0,1
54,28.9,162,235,218,0,1,2,1,0,1,0,1,0,1
71,17.4,144,231,187,1,0,5,1,0,0,0,0,1,1
34,17.1,67,270,222,1,0,1,0,1,0,0,0,0,0
66,37.6,87,164,244,1,0,2,1,1,1,0,1,1,1
75,35.1,64,264,144,1,0,6,1,0,1,0,1,1,1
41,39.3,76,223,248,0,0,4,0,1,0,0,1,1,0
33,19.1,160,204,218,0,1,3,0,0,0,0,0,0,0
45,17.0,95,313,142,0,1,5,0,0,1,0,1,1,0
47,30.7,177,253,154,1,1,7,1,0,1,1,0,1,1
42,27.2,78,227,240,0,1,1,1,0,1,0,1,0,1
33,29.4,123,137,91,1,1,0,1,1,1,1,0,1,0
43,44.8,150,213,125,0,1,6,1,0,1,1,0,1,0
21,44.2,176,269,246,0,1,0,0,0,0,1,1,1,1
64,43.3,157,152,175,0,0,2,1,0,0,1,0,1,0
45,38.7,70,277,197,0,1,3,0,0,1,1,0,1,1
33,26.3,113,245,189,1,0,7,1,0,0,1,0,1,0
78,28.0,104,279,119,1,1,0,1,0,0,1,0,0,1
75,31.9,106,289,76,0,1,2,0,0,1,1,1,1,0
70,40.1,71,241,155,1,0,4,1,1,0,0,1,1,1
26,18.0,177,257,203,0,1,2,1,1,0,1,1,0,1
22,28.3,80,234,75,0,0,6,0,1,0,1,1,1,0
66,18.4,177,283,105,0,1,7,1,1,1,1,1,1,0
42,30.9,70,281,226,0,0,7,0,0,1,1,0,0,0
65,42.1,162,147,218,1,1,2,0,1,0,0,0,0,1
62,38.7,151,130,166,0,0,6,0,1,0,1,0,0,0
66,22.6,64,286,147,0,0,2,0,1,0,0,0,0,0
79,44.3,140,166,188,1,1,7,1,0,0,0,1,0,1
64,35.4,115,246,198,0,1,7,1,1,0,1,1,0,1
37,16.3,79,266,178,1,0,1,1,1,0,1,0,0,1
77,23.4,100,237,144,0,1,2,0,0,1,0,1,1,0
57,23.6,105,262,63,0,0,5,1,1,0,1,0,1,0
54,18.0,71,245,130,0,1,2,1,0,0,1,0,1,0
70,43.8,129,275,213,0,0,7,1,1,1,0,1,0,1
34,29.9,76,271,170,0,1,1,1,0,0,0,1,1,1
44,42.0,174,191,109,0,0,1,0,1,0,1,1,0,0
74,25.3,78,226,199,1,1,4,0,1,0,1,1,1,1
56,19.6,85,256,154,0,0,6,1,1,0,1,1,1,1
47,29.8,107,294,151,1,0,3,0,0,1,0,1,1,0
29,19.3,167,152,124,1,1,0,1,1,0,1,1,1,1
58,30.1,167,309,106,0,1,0,1,0,1,0,0,0,1
76,42.7,111,138,240,1,0,2,1,0,0,0,1,0,1
36,31.1,155,314,165,0,0,4,0,0,0,1,0,1,0
58,33.9,129,193,189,1,0,2,1,0,1,0,0,0,0
41,20.5,114,287,165,0,0,0,0,1,0,1,1,0,0
45,17.3,159,294,83,1,1,6,0,1,1,1,0,1,1
63,19.2,161,312,63,1,0,7,1,1,1,0,1,0,0
44,33.4,134,276,167,0,0,6,0,0,1,1,0,0,0
36,18.8,92,297,78,1,0,6,0,1,0,0,0,0,0
32,26.9,121,217,213,0,1,1,1,0,0,0,0,0,1
39,32.0,147,260,99,0,0,7,0,0,0,1,1,1,0
44,27.3,82,248,109,0,1,3,0,0,0,1,0,1,0
23,20.7,74,281,230,0,1,7,1,1,1,1,0,0,1
29,23.9,86,212,134,0,1,4,1,1,0,1,0,1,0
22,42.9,134,295,71,1,1,1,0,0,0,0,1,1,1
60,35.6,123,167,86,1,1,3,1,1,1,0,0,1,1
64,30.4,174,296,172,1,1,4,1,1,1,0,1,0,1
37,16.4,173,183,241,0,1,4,0,0,0,1,0,0,0
66,44.8,140,180,108,1,0,0,0,0,1,0,0,1,0
